activation function,mean accuracy
logistic,0.8481826012058571
tanh,0.8498191214470284
relu,0.8533333333333334
