activation function,mean accuracy
logistic,0.849009474590870
tanh,0.849078380706287
relu,0.854573643410852