activation function,mean accuracy
logistic,0.8455813953488373
tanh,0.8503186907838072
relu,0.8531955211024979
