kernel function,train accuracy,test accuracy,elapsed time
linear,0.8352888888888889,0.8320413436692506,8.882837295532227
poly3,0.8562,0.8556416881998278,7.368244409561157
poly5,0.8545555555555555,0.8532299741602067,7.832044363021851
poly7,0.8545555555555555,0.8532299741602067,7.764280080795288
poly9,0.8545555555555555,0.8532299741602067,8.385616540908813
rbf,0.8561111111111112,0.8554694229112834,13.242581367492676
sigmoid,0.3737333333333333,0.37502153316106807,88.05208373069763
