,number of samples,SVM,XGBoost,CatBoost
0,25540,0.652663964,0.841491463,0.789655392
1,40000,0.664188277,0.877242231,0.829309532
2,60000,0.664740178,0.891197646,0.860555716
3,80000,0.664999574,0.900003005,0.886063572
4,100000,0.670269617,0.706609565,0.897930852
5,120000,0.672105582,0.708512223,0.913392999
6,140000,0.677752464,0.711923842,0.918659553
7,160000,0.680308645,0.7129642,0.926184323
8,180000,0.681619751,0.913485436,0.929464351
9,200000,0.683358562,0.908531181,0.936051794
