,model,balanced accuracy
0,SVC,0.6851852766394297
1,XGBClassifier,0.7091473289810487
2,CatBoostClassifier,0.8317401572657788
