,model,balanced accuracy
0,SVC,0.6000601351552152
1,XGBClassifier,0.6729595754323403
2,CatBoostClassifier,0.8342143921059736
