,model,balanced accuracy
0,SVC,0.6821554468848418
1,XGBClassifier,0.7117947173507171
2,CatBoostClassifier,0.832151514300367
