,model,balanced accuracy
0,SVC,0.6889684289281608
1,XGBClassifier,0.71171158688383
2,CatBoostClassifier,0.8442113385624336
