,feature,importance
16,use_6,0.010799701046337784
15,card_limit,0.003780518186347737
14,use_3,0.001195814648729406
13,pay_1,0.0004982561036371995
12,pay_4,0.000305181863477777
11,education,0.00023667164922766364
10,sex,0.00014947683109117388
9,use_4,0.00013079222720477162
8,use_5,9.965122072741472e-05
7,pay_5,7.473841554558324e-05
6,pay_2,6.851021425012076e-05
5,marital_status,4.982561036369996e-05
4,pay_6,4.359740906826337e-05
3,age,-3.114100647733468e-05
2,pay_3,-0.00026781265570504644
1,use_2,-0.000541853512705559
0,use_1,-0.0007224713502740824
